<BackupInst xmlns="http://www.microsoft.com/GroupPolicy/GPOOperations/Manifest"><GPOGuid><![CDATA[{18485DF5-21BD-4E86-935B-F5C3C0F38F94}]]></GPOGuid><GPODomain><![CDATA[bingen.insitugroup.net]]></GPODomain><GPODomainGuid><![CDATA[{9dd68ebe-5b1a-4cdc-aff7-3a6e85f59b8d}]]></GPODomainGuid><GPODomainController><![CDATA[IT-HR-AD1.bingen.insitugroup.net]]></GPODomainController><BackupTime><![CDATA[2022-10-24T17:12:40]]></BackupTime><ID><![CDATA[{7AE1A5EB-3BDD-4F26-A553-3087BE7B7ADE}]]></ID><Comment><![CDATA[ASRsAUDIT]]></Comment><GPODisplayName><![CDATA[VDI - Windows Defender - ASR - Audit]]></GPODisplayName></BackupInst>
