<?xml version="1.0" encoding="utf-8"?><!-- Copyright (c) Microsoft Corporation.  All rights reserved. --><GroupPolicyBackupScheme bkp:version="2.0" bkp:type="GroupPolicyBackupTemplate" xmlns:bkp="http://www.microsoft.com/GroupPolicy/GPOOperations" xmlns="http://www.microsoft.com/GroupPolicy/GPOOperations">
    <GroupPolicyObject><SecurityGroups><Group bkp:Source="FromDACL"><Sid><![CDATA[S-1-5-21-1409082233-308236825-682003330-512]]></Sid><SamAccountName><![CDATA[Domain Admins]]></SamAccountName><Type><![CDATA[GlobalGroup]]></Type><NetBIOSDomainName><![CDATA[BINGEN]]></NetBIOSDomainName><DnsDomainName><![CDATA[bingen.insitugroup.net]]></DnsDomainName><UPN><![CDATA[Domain Admins@bingen.insitugroup.net]]></UPN></Group><Group bkp:Source="FromDACL"><Sid><![CDATA[S-1-5-21-1409082233-308236825-682003330-519]]></Sid><SamAccountName><![CDATA[Enterprise Admins]]></SamAccountName><Type><![CDATA[UniversalGroup]]></Type><NetBIOSDomainName><![CDATA[BINGEN]]></NetBIOSDomainName><DnsDomainName><![CDATA[bingen.insitugroup.net]]></DnsDomainName><UPN><![CDATA[Enterprise Admins@bingen.insitugroup.net]]></UPN></Group><Group bkp:Source="FromDACL"><Sid><![CDATA[S-1-5-21-1409082233-308236825-682003330-43328]]></Sid><SamAccountName><![CDATA[adm-sccm-ts]]></SamAccountName><Type><![CDATA[User]]></Type><NetBIOSDomainName><![CDATA[BINGEN]]></NetBIOSDomainName><DnsDomainName><![CDATA[bingen.insitugroup.net]]></DnsDomainName><UPN><![CDATA[adm-sccm-ts@bingen.insitugroup.net]]></UPN></Group></SecurityGroups><FilePaths/><GroupPolicyCoreSettings><ID><![CDATA[{65D4C563-FA2F-46AC-9AC8-73CE49015F87}]]></ID><Domain><![CDATA[bingen.insitugroup.net]]></Domain><SecurityDescriptor>01 00 04 9c 00 00 00 00 00 00 00 00 00 00 00 00 14 00 00 00 04 00 ec 00 08 00 00 00 05 02 28 00 00 01 00 00 01 00 00 00 8f fd ac ed b3 ff d1 11 b4 1d 00 a0 c9 68 f9 39 01 01 00 00 00 00 00 05 0b 00 00 00 00 00 24 00 ff 00 0f 00 01 05 00 00 00 00 00 05 15 00 00 00 79 e3 fc 53 19 52 5f 12 82 8b a6 28 40 a9 00 00 00 02 24 00 ff 00 0f 00 01 05 00 00 00 00 00 05 15 00 00 00 79 e3 fc 53 19 52 5f 12 82 8b a6 28 00 02 00 00 00 02 24 00 ff 00 0f 00 01 05 00 00 00 00 00 05 15 00 00 00 79 e3 fc 53 19 52 5f 12 82 8b a6 28 07 02 00 00 00 02 14 00 94 00 02 00 01 01 00 00 00 00 00 05 09 00 00 00 00 02 14 00 94 00 02 00 01 01 00 00 00 00 00 05 0b 00 00 00 00 02 14 00 ff 00 0f 00 01 01 00 00 00 00 00 05 12 00 00 00 00 0a 14 00 ff 00 0f 00 01 01 00 00 00 00 00 03 00 00 00 00</SecurityDescriptor><DisplayName><![CDATA[Global - InfoSec - Advanced Audit Policy - All]]></DisplayName><Options><![CDATA[0]]></Options><UserVersionNumber><![CDATA[0]]></UserVersionNumber><MachineVersionNumber><![CDATA[2424869]]></MachineVersionNumber><MachineExtensionGuids><![CDATA[[{35378EAC-683F-11D2-A89A-00C04FBBCFA2}{D02B1F72-3407-48AE-BA88-E8213C6761F1}][{827D319E-6EAC-11D2-A4EA-00C04F79F83A}{803E14A0-B4FB-11D0-A0D0-00A0C90F574B}][{F3CCC681-B74C-4060-9F26-CD84525DCA2A}{0F3F3735-573D-9804-99E4-AB2A69BA5FD4}]]]></MachineExtensionGuids><UserExtensionGuids/><WMIFilter/></GroupPolicyCoreSettings> 
        <GroupPolicyExtension bkp:ID="{35378EAC-683F-11D2-A89A-00C04FBBCFA2}" bkp:DescName="Registry">
            <FSObjectFile bkp:Path="%GPO_MACH_FSPATH%\registry.pol" bkp:SourceExpandedPath="\\IT-HR-AD1.bingen.insitugroup.net\sysvol\bingen.insitugroup.net\Policies\{65D4C563-FA2F-46AC-9AC8-73CE49015F87}\Machine\registry.pol" bkp:Location="DomainSysvol\GPO\Machine\registry.pol"/>
            
            <FSObjectFile bkp:Path="%GPO_FSPATH%\Adm\*.*" bkp:SourceExpandedPath="\\IT-HR-AD1.bingen.insitugroup.net\sysvol\bingen.insitugroup.net\Policies\{65D4C563-FA2F-46AC-9AC8-73CE49015F87}\Adm\*.*"/>
        </GroupPolicyExtension>
        
        
        
        
        <GroupPolicyExtension bkp:ID="{827D319E-6EAC-11D2-A4EA-00C04F79F83A}" bkp:DescName="Security">
            <FSObjectFile bkp:Path="%GPO_MACH_FSPATH%\microsoft\windows nt\SecEdit\GptTmpl.inf" bkp:SourceExpandedPath="\\IT-HR-AD1.bingen.insitugroup.net\sysvol\bingen.insitugroup.net\Policies\{65D4C563-FA2F-46AC-9AC8-73CE49015F87}\Machine\microsoft\windows nt\SecEdit\GptTmpl.inf" bkp:ReEvaluateFunction="SecurityValidateSettings" bkp:Location="DomainSysvol\GPO\Machine\microsoft\windows nt\SecEdit\GptTmpl.inf"/>
        </GroupPolicyExtension>
        
        
        
        
    <GroupPolicyExtension bkp:ID="{F15C46CD-82A0-4C2D-A210-5D0D3182A418}" bkp:DescName="Unknown Extension"><FSObjectDir bkp:Path="%GPO_MACH_FSPATH%\Applications" bkp:SourceExpandedPath="\\IT-HR-AD1.bingen.insitugroup.net\sysvol\bingen.insitugroup.net\Policies\{65D4C563-FA2F-46AC-9AC8-73CE49015F87}\Machine\Applications" bkp:Location="DomainSysvol\GPO\Machine\Applications"/><FSObjectFile bkp:Path="%GPO_MACH_FSPATH%\comment.cmtx" bkp:SourceExpandedPath="\\IT-HR-AD1.bingen.insitugroup.net\sysvol\bingen.insitugroup.net\Policies\{65D4C563-FA2F-46AC-9AC8-73CE49015F87}\Machine\comment.cmtx" bkp:Location="DomainSysvol\GPO\Machine\comment.cmtx"/><FSObjectDir bkp:Path="%GPO_MACH_FSPATH%\Microsoft" bkp:SourceExpandedPath="\\IT-HR-AD1.bingen.insitugroup.net\sysvol\bingen.insitugroup.net\Policies\{65D4C563-FA2F-46AC-9AC8-73CE49015F87}\Machine\Microsoft" bkp:Location="DomainSysvol\GPO\Machine\Microsoft"/><FSObjectDir bkp:Path="%GPO_MACH_FSPATH%\Microsoft\Windows NT" bkp:SourceExpandedPath="\\IT-HR-AD1.bingen.insitugroup.net\sysvol\bingen.insitugroup.net\Policies\{65D4C563-FA2F-46AC-9AC8-73CE49015F87}\Machine\Microsoft\Windows NT" bkp:Location="DomainSysvol\GPO\Machine\Microsoft\Windows NT"/><FSObjectDir bkp:Path="%GPO_MACH_FSPATH%\Microsoft\Windows NT\Audit" bkp:SourceExpandedPath="\\IT-HR-AD1.bingen.insitugroup.net\sysvol\bingen.insitugroup.net\Policies\{65D4C563-FA2F-46AC-9AC8-73CE49015F87}\Machine\Microsoft\Windows NT\Audit" bkp:Location="DomainSysvol\GPO\Machine\Microsoft\Windows NT\Audit"/><FSObjectFile bkp:Path="%GPO_MACH_FSPATH%\Microsoft\Windows NT\Audit\audit.csv" bkp:SourceExpandedPath="\\IT-HR-AD1.bingen.insitugroup.net\sysvol\bingen.insitugroup.net\Policies\{65D4C563-FA2F-46AC-9AC8-73CE49015F87}\Machine\Microsoft\Windows NT\Audit\audit.csv" bkp:Location="DomainSysvol\GPO\Machine\Microsoft\Windows NT\Audit\audit.csv"/><FSObjectDir bkp:Path="%GPO_MACH_FSPATH%\Microsoft\Windows NT\SecEdit" bkp:SourceExpandedPath="\\IT-HR-AD1.bingen.insitugroup.net\sysvol\bingen.insitugroup.net\Policies\{65D4C563-FA2F-46AC-9AC8-73CE49015F87}\Machine\Microsoft\Windows NT\SecEdit" bkp:Location="DomainSysvol\GPO\Machine\Microsoft\Windows NT\SecEdit"/><FSObjectDir bkp:Path="%GPO_MACH_FSPATH%\PBDesktops" bkp:SourceExpandedPath="\\IT-HR-AD1.bingen.insitugroup.net\sysvol\bingen.insitugroup.net\Policies\{65D4C563-FA2F-46AC-9AC8-73CE49015F87}\Machine\PBDesktops" bkp:Location="DomainSysvol\GPO\Machine\PBDesktops"/><FSObjectDir bkp:Path="%GPO_MACH_FSPATH%\Scripts" bkp:SourceExpandedPath="\\IT-HR-AD1.bingen.insitugroup.net\sysvol\bingen.insitugroup.net\Policies\{65D4C563-FA2F-46AC-9AC8-73CE49015F87}\Machine\Scripts" bkp:Location="DomainSysvol\GPO\Machine\Scripts"/><FSObjectDir bkp:Path="%GPO_MACH_FSPATH%\Scripts\Shutdown" bkp:SourceExpandedPath="\\IT-HR-AD1.bingen.insitugroup.net\sysvol\bingen.insitugroup.net\Policies\{65D4C563-FA2F-46AC-9AC8-73CE49015F87}\Machine\Scripts\Shutdown" bkp:Location="DomainSysvol\GPO\Machine\Scripts\Shutdown"/><FSObjectDir bkp:Path="%GPO_MACH_FSPATH%\Scripts\Startup" bkp:SourceExpandedPath="\\IT-HR-AD1.bingen.insitugroup.net\sysvol\bingen.insitugroup.net\Policies\{65D4C563-FA2F-46AC-9AC8-73CE49015F87}\Machine\Scripts\Startup" bkp:Location="DomainSysvol\GPO\Machine\Scripts\Startup"/><FSObjectDir bkp:Path="%GPO_FSPATH%\PBDesktops" bkp:SourceExpandedPath="\\IT-HR-AD1.bingen.insitugroup.net\sysvol\bingen.insitugroup.net\Policies\{65D4C563-FA2F-46AC-9AC8-73CE49015F87}\PBDesktops" bkp:Location="DomainSysvol\GPO\PBDesktops"/><FSObjectDir bkp:Path="%GPO_FSPATH%\PBDesktops\Messages" bkp:SourceExpandedPath="\\IT-HR-AD1.bingen.insitugroup.net\sysvol\bingen.insitugroup.net\Policies\{65D4C563-FA2F-46AC-9AC8-73CE49015F87}\PBDesktops\Messages" bkp:Location="DomainSysvol\GPO\PBDesktops\Messages"/></GroupPolicyExtension></GroupPolicyObject>
</GroupPolicyBackupScheme>