<BackupInst xmlns="http://www.microsoft.com/GroupPolicy/GPOOperations/Manifest"><GPOGuid><![CDATA[{65D4C563-FA2F-46AC-9AC8-73CE49015F87}]]></GPOGuid><GPODomain><![CDATA[bingen.insitugroup.net]]></GPODomain><GPODomainGuid><![CDATA[{9dd68ebe-5b1a-4cdc-aff7-3a6e85f59b8d}]]></GPODomainGuid><GPODomainController><![CDATA[IT-HR-AD1.bingen.insitugroup.net]]></GPODomainController><BackupTime><![CDATA[2022-10-24T17:13:58]]></BackupTime><ID><![CDATA[{1D572568-14BF-4E7C-8B24-3ADD53B68097}]]></ID><Comment><![CDATA[auditpolicy]]></Comment><GPODisplayName><![CDATA[Global - InfoSec - Advanced Audit Policy - All]]></GPODisplayName></BackupInst>
