<?xml version="1.0" encoding="utf-8"?><!-- Copyright (c) Microsoft Corporation.  All rights reserved. --><GroupPolicyBackupScheme bkp:version="2.0" bkp:type="GroupPolicyBackupTemplate" xmlns:bkp="http://www.microsoft.com/GroupPolicy/GPOOperations" xmlns="http://www.microsoft.com/GroupPolicy/GPOOperations">
    <GroupPolicyObject><SecurityGroups><Group bkp:Source="FromDACL"><Sid><![CDATA[S-1-5-21-1409082233-308236825-682003330-512]]></Sid><SamAccountName><![CDATA[Domain Admins]]></SamAccountName><Type><![CDATA[GlobalGroup]]></Type><NetBIOSDomainName><![CDATA[BINGEN]]></NetBIOSDomainName><DnsDomainName><![CDATA[bingen.insitugroup.net]]></DnsDomainName><UPN><![CDATA[Domain Admins@bingen.insitugroup.net]]></UPN></Group><Group bkp:Source="FromDACL"><Sid><![CDATA[S-1-5-21-1409082233-308236825-682003330-519]]></Sid><SamAccountName><![CDATA[Enterprise Admins]]></SamAccountName><Type><![CDATA[UniversalGroup]]></Type><NetBIOSDomainName><![CDATA[BINGEN]]></NetBIOSDomainName><DnsDomainName><![CDATA[bingen.insitugroup.net]]></DnsDomainName><UPN><![CDATA[Enterprise Admins@bingen.insitugroup.net]]></UPN></Group><Group bkp:Source="FromDACL"><Sid><![CDATA[S-1-5-21-1409082233-308236825-682003330-27745]]></Sid><SamAccountName><![CDATA[IT Server Admins]]></SamAccountName><Type><![CDATA[UniversalGroup]]></Type><NetBIOSDomainName><![CDATA[BINGEN]]></NetBIOSDomainName><DnsDomainName><![CDATA[bingen.insitugroup.net]]></DnsDomainName><UPN><![CDATA[IT Server Admins@bingen.insitugroup.net]]></UPN></Group><Group bkp:Source="FromDACL"><Sid><![CDATA[S-1-5-21-1409082233-308236825-682003330-55026]]></Sid><SamAccountName><![CDATA[Client Event Forwarding]]></SamAccountName><Type><![CDATA[GlobalGroup]]></Type><NetBIOSDomainName><![CDATA[BINGEN]]></NetBIOSDomainName><DnsDomainName><![CDATA[bingen.insitugroup.net]]></DnsDomainName><UPN><![CDATA[Client Event Forwarding@bingen.insitugroup.net]]></UPN></Group></SecurityGroups><FilePaths/><GroupPolicyCoreSettings><ID><![CDATA[{696652DE-1621-45BF-B6CF-7956B9D2D82F}]]></ID><Domain><![CDATA[bingen.insitugroup.net]]></Domain><SecurityDescriptor>01 00 04 9c 00 00 00 00 00 00 00 00 00 00 00 00 14 00 00 00 04 00 30 01 09 00 00 00 05 02 38 00 00 01 00 00 01 00 00 00 8f fd ac ed b3 ff d1 11 b4 1d 00 a0 c9 68 f9 39 01 05 00 00 00 00 00 05 15 00 00 00 79 e3 fc 53 19 52 5f 12 82 8b a6 28 f2 d6 00 00 00 00 24 00 ff 00 0f 00 01 05 00 00 00 00 00 05 15 00 00 00 79 e3 fc 53 19 52 5f 12 82 8b a6 28 00 02 00 00 00 02 24 00 14 00 02 00 01 05 00 00 00 00 00 05 15 00 00 00 79 e3 fc 53 19 52 5f 12 82 8b a6 28 f2 d6 00 00 00 02 24 00 37 00 0f 00 01 05 00 00 00 00 00 05 15 00 00 00 79 e3 fc 53 19 52 5f 12 82 8b a6 28 61 6c 00 00 00 02 24 00 ff 00 0f 00 01 05 00 00 00 00 00 05 15 00 00 00 79 e3 fc 53 19 52 5f 12 82 8b a6 28 00 02 00 00 00 02 24 00 ff 00 0f 00 01 05 00 00 00 00 00 05 15 00 00 00 79 e3 fc 53 19 52 5f 12 82 8b a6 28 07 02 00 00 00 02 14 00 94 00 02 00 01 01 00 00 00 00 00 05 09 00 00 00 00 02 14 00 ff 00 0f 00 01 01 00 00 00 00 00 05 12 00 00 00 00 0a 14 00 ff 00 0f 00 01 01 00 00 00 00 00 03 00 00 00 00</SecurityDescriptor><DisplayName><![CDATA[Workstations - Infosec - Log Forwarding]]></DisplayName><Options><![CDATA[0]]></Options><UserVersionNumber><![CDATA[65537]]></UserVersionNumber><MachineVersionNumber><![CDATA[131074]]></MachineVersionNumber><MachineExtensionGuids><![CDATA[[{00000000-0000-0000-0000-000000000000}{79F92669-4224-476C-9C5C-6EFB4D87DF4A}][{17D89FEC-5C44-4972-B12D-241CAEF74509}{79F92669-4224-476C-9C5C-6EFB4D87DF4A}][{35378EAC-683F-11D2-A89A-00C04FBBCFA2}{D02B1F72-3407-48AE-BA88-E8213C6761F1}][{827D319E-6EAC-11D2-A4EA-00C04F79F83A}{803E14A0-B4FB-11D0-A0D0-00A0C90F574B}]]]></MachineExtensionGuids><UserExtensionGuids/><WMIFilter/></GroupPolicyCoreSettings> 
        <GroupPolicyExtension bkp:ID="{35378EAC-683F-11D2-A89A-00C04FBBCFA2}" bkp:DescName="Registry">
            <FSObjectFile bkp:Path="%GPO_MACH_FSPATH%\registry.pol" bkp:SourceExpandedPath="\\IT-HR-AD1.bingen.insitugroup.net\sysvol\bingen.insitugroup.net\Policies\{696652DE-1621-45BF-B6CF-7956B9D2D82F}\Machine\registry.pol" bkp:Location="DomainSysvol\GPO\Machine\registry.pol"/>
            
            <FSObjectFile bkp:Path="%GPO_FSPATH%\Adm\*.*" bkp:SourceExpandedPath="\\IT-HR-AD1.bingen.insitugroup.net\sysvol\bingen.insitugroup.net\Policies\{696652DE-1621-45BF-B6CF-7956B9D2D82F}\Adm\*.*"/>
        </GroupPolicyExtension>
        
        
        
        
        <GroupPolicyExtension bkp:ID="{827D319E-6EAC-11D2-A4EA-00C04F79F83A}" bkp:DescName="Security">
            <FSObjectFile bkp:Path="%GPO_MACH_FSPATH%\microsoft\windows nt\SecEdit\GptTmpl.inf" bkp:SourceExpandedPath="\\IT-HR-AD1.bingen.insitugroup.net\sysvol\bingen.insitugroup.net\Policies\{696652DE-1621-45BF-B6CF-7956B9D2D82F}\Machine\microsoft\windows nt\SecEdit\GptTmpl.inf" bkp:ReEvaluateFunction="SecurityValidateSettings" bkp:Location="DomainSysvol\GPO\Machine\microsoft\windows nt\SecEdit\GptTmpl.inf"/>
        </GroupPolicyExtension>
        
        
        
        
    <GroupPolicyExtension bkp:ID="{F15C46CD-82A0-4C2D-A210-5D0D3182A418}" bkp:DescName="Unknown Extension"><FSObjectFile bkp:Path="%GPO_MACH_FSPATH%\comment.cmtx" bkp:SourceExpandedPath="\\IT-HR-AD1.bingen.insitugroup.net\sysvol\bingen.insitugroup.net\Policies\{696652DE-1621-45BF-B6CF-7956B9D2D82F}\Machine\comment.cmtx" bkp:Location="DomainSysvol\GPO\Machine\comment.cmtx"/><FSObjectDir bkp:Path="%GPO_MACH_FSPATH%\microsoft" bkp:SourceExpandedPath="\\IT-HR-AD1.bingen.insitugroup.net\sysvol\bingen.insitugroup.net\Policies\{696652DE-1621-45BF-B6CF-7956B9D2D82F}\Machine\microsoft" bkp:Location="DomainSysvol\GPO\Machine\microsoft"/><FSObjectDir bkp:Path="%GPO_MACH_FSPATH%\microsoft\windows nt" bkp:SourceExpandedPath="\\IT-HR-AD1.bingen.insitugroup.net\sysvol\bingen.insitugroup.net\Policies\{696652DE-1621-45BF-B6CF-7956B9D2D82F}\Machine\microsoft\windows nt" bkp:Location="DomainSysvol\GPO\Machine\microsoft\windows nt"/><FSObjectDir bkp:Path="%GPO_MACH_FSPATH%\microsoft\windows nt\SecEdit" bkp:SourceExpandedPath="\\IT-HR-AD1.bingen.insitugroup.net\sysvol\bingen.insitugroup.net\Policies\{696652DE-1621-45BF-B6CF-7956B9D2D82F}\Machine\microsoft\windows nt\SecEdit" bkp:Location="DomainSysvol\GPO\Machine\microsoft\windows nt\SecEdit"/><FSObjectDir bkp:Path="%GPO_MACH_FSPATH%\Preferences" bkp:SourceExpandedPath="\\IT-HR-AD1.bingen.insitugroup.net\sysvol\bingen.insitugroup.net\Policies\{696652DE-1621-45BF-B6CF-7956B9D2D82F}\Machine\Preferences" bkp:Location="DomainSysvol\GPO\Machine\Preferences"/><FSObjectDir bkp:Path="%GPO_MACH_FSPATH%\Preferences\Groups" bkp:SourceExpandedPath="\\IT-HR-AD1.bingen.insitugroup.net\sysvol\bingen.insitugroup.net\Policies\{696652DE-1621-45BF-B6CF-7956B9D2D82F}\Machine\Preferences\Groups" bkp:Location="DomainSysvol\GPO\Machine\Preferences\Groups"/><FSObjectFile bkp:Path="%GPO_MACH_FSPATH%\Preferences\Groups\Groups.xml" bkp:SourceExpandedPath="\\IT-HR-AD1.bingen.insitugroup.net\sysvol\bingen.insitugroup.net\Policies\{696652DE-1621-45BF-B6CF-7956B9D2D82F}\Machine\Preferences\Groups\Groups.xml" bkp:Location="DomainSysvol\GPO\Machine\Preferences\Groups\Groups.xml"/><FSObjectDir bkp:Path="%GPO_MACH_FSPATH%\Scripts" bkp:SourceExpandedPath="\\IT-HR-AD1.bingen.insitugroup.net\sysvol\bingen.insitugroup.net\Policies\{696652DE-1621-45BF-B6CF-7956B9D2D82F}\Machine\Scripts" bkp:Location="DomainSysvol\GPO\Machine\Scripts"/><FSObjectDir bkp:Path="%GPO_MACH_FSPATH%\Scripts\Shutdown" bkp:SourceExpandedPath="\\IT-HR-AD1.bingen.insitugroup.net\sysvol\bingen.insitugroup.net\Policies\{696652DE-1621-45BF-B6CF-7956B9D2D82F}\Machine\Scripts\Shutdown" bkp:Location="DomainSysvol\GPO\Machine\Scripts\Shutdown"/><FSObjectDir bkp:Path="%GPO_MACH_FSPATH%\Scripts\Startup" bkp:SourceExpandedPath="\\IT-HR-AD1.bingen.insitugroup.net\sysvol\bingen.insitugroup.net\Policies\{696652DE-1621-45BF-B6CF-7956B9D2D82F}\Machine\Scripts\Startup" bkp:Location="DomainSysvol\GPO\Machine\Scripts\Startup"/></GroupPolicyExtension></GroupPolicyObject>
</GroupPolicyBackupScheme>