<BackupInst xmlns="http://www.microsoft.com/GroupPolicy/GPOOperations/Manifest"><GPOGuid><![CDATA[{696652DE-1621-45BF-B6CF-7956B9D2D82F}]]></GPOGuid><GPODomain><![CDATA[bingen.insitugroup.net]]></GPODomain><GPODomainGuid><![CDATA[{9dd68ebe-5b1a-4cdc-aff7-3a6e85f59b8d}]]></GPODomainGuid><GPODomainController><![CDATA[IT-HR-AD1.bingen.insitugroup.net]]></GPODomainController><BackupTime><![CDATA[2022-10-24T17:11:06]]></BackupTime><ID><![CDATA[{E93A8E2D-E218-4B05-AB97-35AD103A0B19}]]></ID><Comment><![CDATA[Log forward]]></Comment><GPODisplayName><![CDATA[Workstations - Infosec - Log Forwarding]]></GPODisplayName></BackupInst>
