<BackupInst xmlns="http://www.microsoft.com/GroupPolicy/GPOOperations/Manifest"><GPOGuid><![CDATA[{226D8D08-A6D2-41A9-9F2C-65CA7F6FAA4C}]]></GPOGuid><GPODomain><![CDATA[bingen.insitugroup.net]]></GPODomain><GPODomainGuid><![CDATA[{9dd68ebe-5b1a-4cdc-aff7-3a6e85f59b8d}]]></GPODomainGuid><GPODomainController><![CDATA[IT-HR-AD1.bingen.insitugroup.net]]></GPODomainController><BackupTime><![CDATA[2022-10-24T17:14:46]]></BackupTime><ID><![CDATA[{DF616B7D-D1CE-4FF4-B389-D04BF08FE720}]]></ID><Comment><![CDATA[]]></Comment><GPODisplayName><![CDATA[Global - InfoSec - UNC Path Hardening]]></GPODisplayName></BackupInst>
